,Unnamed: 0.1,Unnamed: 0,Bank Name,City,ST,CERT,Acquiring Institution,Closing Date,Updated Date
0,0,0,Banks of Wisconsin d/b/a Bank of Kenosha,Kenosha,WI,35386,"North Shore Bank, FSB",31-May-13,31-May-13
1,1,1,Central Arizona Bank,Scottsdale,AZ,34527,Western State Bank,14-May-13,20-May-13
2,2,2,Sunrise Bank,Valdosta,GA,58185,Synovus Bank,10-May-13,21-May-13
3,3,3,Pisgah Community Bank,Asheville,NC,58701,"Capital Bank, N.A.",10-May-13,14-May-13
4,4,4,Douglas County Bank,Douglasville,GA,21649,Hamilton State Bank,26-Apr-13,16-May-13
5,5,5,Parkway Bank,Lenoir,NC,57158,"CertusBank, National Association",26-Apr-13,17-May-13
6,6,6,Chipola Community Bank,Marianna,FL,58034,First Federal Bank of Florida,19-Apr-13,16-May-13
7,7,7,Heritage Bank of North Florida,Orange Park,FL,26680,FirstAtlantic Bank,19-Apr-13,16-May-13
8,8,8,First Federal Bank,Lexington,KY,29594,Your Community Bank,19-Apr-13,23-Apr-13
9,9,9,Gold Canyon Bank,Gold Canyon,AZ,58066,"First Scottsdale Bank, National Association",5-Apr-13,9-Apr-13
10,10,10,Frontier Bank,LaGrange,GA,16431,HeritageBank of the South,8-Mar-13,26-Mar-13
11,11,11,Covenant Bank,Chicago,IL,22476,Liberty Bank and Trust Company,15-Feb-13,4-Mar-13
12,12,12,1st Regents Bank,Andover,MN,57157,First Minnesota Bank,18-Jan-13,28-Feb-13
13,13,13,Westside Community Bank,University Place,WA,33997,Sunwest Bank,11-Jan-13,24-Jan-13
14,14,14,Community Bank of the Ozarks,Sunrise Beach,MO,27331,Bank of Sullivan,14-Dec-12,24-Jan-13
15,15,15,Hometown Community Bank,Braselton,GA,57928,"CertusBank, National Association",16-Nov-12,24-Jan-13
16,16,16,Citizens First National Bank,Princeton,IL,3731,Heartland Bank and Trust Company,2-Nov-12,24-Jan-13
17,17,17,Heritage Bank of Florida,Lutz,FL,35009,Centennial Bank,2-Nov-12,24-Jan-13
18,18,18,NOVA Bank,Berwyn,PA,27148,No Acquirer,26-Oct-12,24-Jan-13
19,19,19,Excel Bank,Sedalia,MO,19189,Simmons First National Bank,19-Oct-12,24-Jan-13
20,20,20,First East Side Savings Bank,Tamarac,FL,28144,Stearns Bank N.A.,19-Oct-12,24-Jan-13
21,21,21,GulfSouth Private Bank,Destin,FL,58073,SmartBank,19-Oct-12,24-Jan-13
22,22,22,First United Bank,Crete,IL,20685,"Old Plank Trail Community Bank, National Association",28-Sep-12,15-Nov-12
23,23,23,Truman Bank,St. Louis,MO,27316,Simmons First National Bank,14-Sep-12,17-Dec-12
24,24,24,First Commercial Bank,Bloomington,MN,35246,Republic Bank & Trust Company,7-Sep-12,17-Dec-12
25,25,25,Waukegan Savings Bank,Waukegan,IL,28243,First Midwest Bank,3-Aug-12,11-Oct-12
26,26,26,Jasper Banking Company,Jasper,GA,16240,Stearns Bank N.A.,27-Jul-12,17-Dec-12
27,27,27,Second Federal Savings and Loan Association of Chicago,Chicago,IL,27986,Hinsdale Bank & Trust Company,20-Jul-12,14-Jan-13
28,28,28,Heartland Bank,Leawood,KS,1361,Metcalf Bank,20-Jul-12,17-Dec-12
29,29,29,First Cherokee State Bank,Woodstock,GA,32711,Community & Southern Bank,20-Jul-12,31-Oct-12
30,30,30,Georgia Trust Bank,Buford,GA,57847,Community & Southern Bank,20-Jul-12,17-Dec-12
31,31,31,The Royal Palm Bank of Florida,Naples,FL,57096,First National Bank of the Gulf Coast,20-Jul-12,7-Jan-13
32,32,32,Glasgow Savings Bank,Glasgow,MO,1056,Regional Missouri Bank,13-Jul-12,11-Oct-12
33,33,33,Montgomery Bank & Trust,Ailey,GA,19498,Ameris Bank,6-Jul-12,31-Oct-12
34,34,34,The Farmers Bank of Lynchburg,Lynchburg,TN,1690,Clayton Bank and Trust,15-Jun-12,31-Oct-12
35,35,35,Security Exchange Bank,Marietta,GA,35299,Fidelity Bank,15-Jun-12,10-Oct-12
36,36,36,Putnam State Bank,Palatka,FL,27405,Harbor Community Bank,15-Jun-12,10-Oct-12
37,37,37,Waccamaw Bank,Whiteville,NC,34515,First Community Bank,8-Jun-12,8-Nov-12
38,38,38,Farmers' and Traders' State Bank,Shabbona,IL,9257,First State Bank,8-Jun-12,10-Oct-12
39,39,39,Carolina Federal Savings Bank,Charleston,SC,35372,Bank of North Carolina,8-Jun-12,31-Oct-12
40,40,40,First Capital Bank,Kingfisher,OK,416,F & M Bank,8-Jun-12,10-Oct-12
41,41,41,"Alabama Trust Bank, National Association",Sylacauga,AL,35224,Southern States Bank,18-May-12,20-May-13
42,42,42,"Security Bank, National Association",North Lauderdale,FL,23156,Banesco USA,4-May-12,31-Oct-12
43,43,43,Palm Desert National Bank,Palm Desert,CA,23632,Pacific Premier Bank,27-Apr-12,17-May-13
44,44,44,Plantation Federal Bank,Pawleys Island,SC,32503,First Federal Bank,27-Apr-12,17-May-13
45,45,45,"Inter Savings Bank, fsb D/B/A InterBank, fsb",Maple Grove,MN,31495,Great Southern Bank,27-Apr-12,17-May-13
46,46,46,HarVest Bank of Maryland,Gaithersburg,MD,57766,Sonabank,27-Apr-12,17-May-13
47,47,47,Bank of the Eastern Shore,Cambridge,MD,26759,No Acquirer,27-Apr-12,17-Oct-12
48,48,48,"Fort Lee Federal Savings Bank, FSB",Fort Lee,NJ,35527,Alma Bank,20-Apr-12,17-May-13
49,49,49,Fidelity Bank,Dearborn,MI,33883,The Huntington National Bank,30-Mar-12,16-May-13
50,50,50,Premier Bank,Wilmette,IL,35419,International Bank of Chicago,23-Mar-12,17-Oct-12
51,51,51,Covenant Bank & Trust,Rock Spring,GA,58068,"Stearns Bank, N.A.",23-Mar-12,31-Oct-12
52,52,52,New City Bank,Chicago,IL,57597,No Acquirer,9-Mar-12,29-Oct-12
53,53,53,Global Commerce Bank,Doraville,GA,34046,Metro City Bank,2-Mar-12,31-Oct-12
54,54,54,Home Savings of America,Little Falls,MN,29178,No Acquirer,24-Feb-12,17-Dec-12
55,55,55,Central Bank of Georgia,Ellaville,GA,5687,Ameris Bank,24-Feb-12,9-Aug-12
56,56,56,SCB Bank,Shelbyville,IN,29761,"First Merchants Bank, National Association",10-Feb-12,25-Mar-13
57,57,57,Charter National Bank and Trust,Hoffman Estates,IL,23187,"Barrington Bank & Trust Company, National Association",10-Feb-12,25-Mar-13
58,58,58,BankEast,Knoxville,TN,19869,U.S.Bank National Association,27-Jan-12,8-Mar-13
59,59,59,Patriot Bank Minnesota,Forest Lake,MN,34823,First Resource Bank,27-Jan-12,12-Sep-12
60,60,60,Tennessee Commerce Bank,Franklin,TN,35296,Republic Bank & Trust Company,27-Jan-12,20-Nov-12
61,61,61,First Guaranty Bank and Trust Company of Jacksonville,Jacksonville,FL,16579,"CenterState Bank of Florida, N.A.",27-Jan-12,12-Sep-12
62,62,62,American Eagle Savings Bank,Boothwyn,PA,31581,"Capital Bank, N.A.",20-Jan-12,25-Jan-13
63,63,63,The First State Bank,Stockbridge,GA,19252,Hamilton State Bank,20-Jan-12,25-Jan-13
64,64,64,Central Florida State Bank,Belleview,FL,57186,"CenterState Bank of Florida, N.A.",20-Jan-12,25-Jan-13
65,65,65,Western National Bank,Phoenix,AZ,57917,Washington Federal,16-Dec-11,13-Aug-12
66,66,66,Premier Community Bank of the Emerald Coast,Crestview,FL,58343,Summit Bank,16-Dec-11,12-Sep-12
67,67,67,Central Progressive Bank,Lacombe,LA,19657,First NBC Bank,18-Nov-11,13-Aug-12
68,68,68,Polk County Bank,Johnston,IA,14194,Grinnell State Bank,18-Nov-11,15-Aug-12
69,69,69,Community Bank of Rockmart,Rockmart,GA,57860,Century Bank of Georgia,10-Nov-11,13-Aug-12
70,70,70,SunFirst Bank,Saint George,UT,57087,Cache Valley Bank,4-Nov-11,16-Nov-12
71,71,71,"Mid City Bank, Inc.",Omaha,NE,19397,Premier Bank,4-Nov-11,15-Aug-12
72,72,72,All American Bank,Des Plaines,IL,57759,International Bank of Chicago,28-Oct-11,15-Aug-12
73,73,73,Community Banks of Colorado,Greenwood Village,CO,21132,"Bank Midwest, N.A.",21-Oct-11,2-Jan-13
74,74,74,Community Capital Bank,Jonesboro,GA,57036,State Bank and Trust Company,21-Oct-11,8-Nov-12
75,75,75,Decatur First Bank,Decatur,GA,34392,Fidelity Bank,21-Oct-11,8-Nov-12
76,76,76,Old Harbor Bank,Clearwater,FL,57537,1st United Bank,21-Oct-11,8-Nov-12
77,77,77,Country Bank,Aledo,IL,35395,Blackhawk Bank & Trust,14-Oct-11,15-Aug-12
78,78,78,First State Bank,Cranford,NJ,58046,Northfield Bank,14-Oct-11,8-Nov-12
79,79,79,"Blue Ridge Savings Bank, Inc.",Asheville,NC,32347,Bank of North Carolina,14-Oct-11,8-Nov-12
80,80,80,Piedmont Community Bank,Gray,GA,57256,State Bank and Trust Company,14-Oct-11,22-Jan-13
81,81,81,Sun Security Bank,Ellington,MO,20115,Great Southern Bank,7-Oct-11,7-Nov-12
82,82,82,The RiverBank,Wyoming,MN,10216,Central Bank,7-Oct-11,7-Nov-12
83,83,83,First International Bank,Plano,TX,33513,American First National Bank,30-Sep-11,9-Oct-12
84,84,84,Citizens Bank of Northern California,Nevada City,CA,33983,Tri Counties Bank,23-Sep-11,9-Oct-12
85,85,85,Bank of the Commonwealth,Norfolk,VA,20408,Southern Bank and Trust Company,23-Sep-11,9-Oct-12
86,86,86,The First National Bank of Florida,Milton,FL,25155,CharterBank,9-Sep-11,6-Sep-12
87,87,87,CreekSide Bank,Woodstock,GA,58226,Georgia Commerce Bank,2-Sep-11,6-Sep-12
88,88,88,Patriot Bank of Georgia,Cumming,GA,58273,Georgia Commerce Bank,2-Sep-11,2-Nov-12
89,89,89,First Choice Bank,Geneva,IL,57212,Inland Bank & Trust,19-Aug-11,15-Aug-12
90,90,90,First Southern National Bank,Statesboro,GA,57239,Heritage Bank of the South,19-Aug-11,2-Nov-12
91,91,91,Lydian Private Bank,Palm Beach,FL,35356,"Sabadell United Bank, N.A.",19-Aug-11,2-Nov-12
92,92,92,Public Savings Bank,Huntingdon Valley,PA,34130,"Capital Bank, N.A.",18-Aug-11,15-Aug-12
93,93,93,The First National Bank of Olathe,Olathe,KS,4744,Enterprise Bank & Trust,12-Aug-11,23-Aug-12
94,94,94,Bank of Whitman,Colfax,WA,22528,Columbia State Bank,5-Aug-11,16-Aug-12
95,95,95,Bank of Shorewood,Shorewood,IL,22637,Heartland Bank and Trust Company,5-Aug-11,16-Aug-12
96,96,96,Integra Bank National Association,Evansville,IN,4392,Old National Bank,29-Jul-11,16-Aug-12
97,97,97,"BankMeridian, N.A.",Columbia,SC,58222,SCBT National Association,29-Jul-11,2-Nov-12
98,98,98,Virginia Business Bank,Richmond,VA,58283,Xenith Bank,29-Jul-11,9-Oct-12
99,99,99,Bank of Choice,Greeley,CO,2994,"Bank Midwest, N.A.",22-Jul-11,12-Sep-12
100,100,100,LandMark Bank of Florida,Sarasota,FL,35244,American Momentum Bank,22-Jul-11,2-Nov-12
101,101,101,Southshore Community Bank,Apollo Beach,FL,58056,American Momentum Bank,22-Jul-11,2-Nov-12
102,102,102,Summit Bank,Prescott,AZ,57442,The Foothills Bank,15-Jul-11,16-Aug-12
103,103,103,First Peoples Bank,Port St. Lucie,FL,34870,"Premier American Bank, N.A.",15-Jul-11,2-Nov-12
104,104,104,High Trust Bank,Stockbridge,GA,19554,Ameris Bank,15-Jul-11,2-Nov-12
105,105,105,One Georgia Bank,Atlanta,GA,58238,Ameris Bank,15-Jul-11,2-Nov-12
106,106,106,Signature Bank,Windsor,CO,57835,Points West Community Bank,8-Jul-11,26-Oct-12
107,107,107,Colorado Capital Bank,Castle Rock,CO,34522,First-Citizens Bank & Trust Company,8-Jul-11,15-Jan-13
108,108,108,First Chicago Bank & Trust,Chicago,IL,27935,Northbrook Bank & Trust Company,8-Jul-11,9-Sep-12
109,109,109,Mountain Heritage Bank,Clayton,GA,57593,First American Bank and Trust Company,24-Jun-11,2-Nov-12
110,110,110,First Commercial Bank of Tampa Bay,Tampa,FL,27583,Stonegate Bank,17-Jun-11,2-Nov-12
111,111,111,McIntosh State Bank,Jackson,GA,19237,Hamilton State Bank,17-Jun-11,2-Nov-12
112,112,112,Atlantic Bank and Trust,Charleston,SC,58420,"First Citizens Bank and Trust Company, Inc.",3-Jun-11,31-Oct-12
113,113,113,First Heritage Bank,Snohomish,WA,23626,Columbia State Bank,27-May-11,28-Jan-13
114,114,114,Summit Bank,Burlington,WA,513,Columbia State Bank,20-May-11,22-Jan-13
115,115,115,First Georgia Banking Company,Franklin,GA,57647,"CertusBank, National Association",20-May-11,13-Nov-12
116,116,116,Atlantic Southern Bank,Macon,GA,57213,"CertusBank, National Association",20-May-11,31-Oct-12
117,117,117,Coastal Bank,Cocoa Beach,FL,34898,"Florida Community Bank, a division of Premier American Bank, N.A.",6-May-11,30-Nov-12
118,118,118,Community Central Bank,Mount Clemens,MI,34234,Talmer Bank & Trust,29-Apr-11,16-Aug-12
119,119,119,The Park Avenue Bank,Valdosta,GA,19797,Bank of the Ozarks,29-Apr-11,30-Nov-12
120,120,120,First Choice Community Bank,Dallas,GA,58539,Bank of the Ozarks,29-Apr-11,22-Jan-13
121,121,121,Cortez Community Bank,Brooksville,FL,57625,"Florida Community Bank, a division of Premier American Bank, N.A.",29-Apr-11,30-Nov-12
122,122,122,First National Bank of Central Florida,Winter Park,FL,26297,"Florida Community Bank, a division of Premier American Bank, N.A.",29-Apr-11,30-Nov-12
123,123,123,Heritage Banking Group,Carthage,MS,14273,Trustmark National Bank,15-Apr-11,30-Nov-12
124,124,124,Rosemount National Bank,Rosemount,MN,24099,Central Bank,15-Apr-11,16-Aug-12
125,125,125,Superior Bank,Birmingham,AL,17750,"Superior Bank, National Association",15-Apr-11,30-Nov-12
126,126,126,Nexity Bank,Birmingham,AL,19794,AloStar Bank of Commerce,15-Apr-11,4-Sep-12
127,127,127,New Horizons Bank,East Ellijay,GA,57705,Citizens South Bank,15-Apr-11,16-Aug-12
128,128,128,Bartow County Bank,Cartersville,GA,21495,Hamilton State Bank,15-Apr-11,22-Jan-13
129,129,129,Nevada Commerce Bank,Las Vegas,NV,35418,City National Bank,8-Apr-11,9-Sep-12
130,130,130,Western Springs National Bank and Trust,Western Springs,IL,10086,Heartland Bank and Trust Company,8-Apr-11,22-Jan-13
131,131,131,The Bank of Commerce,Wood Dale,IL,34292,Advantage National Bank Group,25-Mar-11,22-Jan-13
132,132,132,Legacy Bank,Milwaukee,WI,34818,Seaway Bank and Trust Company,11-Mar-11,12-Sep-12
133,133,133,First National Bank of Davis,Davis,OK,4077,The Pauls Valley National Bank,11-Mar-11,20-Aug-12
134,134,134,Valley Community Bank,St. Charles,IL,34187,First State Bank,25-Feb-11,12-Sep-12
135,135,135,"San Luis Trust Bank, FSB",San Luis Obispo,CA,34783,First California Bank,18-Feb-11,20-Aug-12
136,136,136,Charter Oak Bank,Napa,CA,57855,Bank of Marin,18-Feb-11,12-Sep-12
137,137,137,Citizens Bank of Effingham,Springfield,GA,34601,Heritage Bank of the South,18-Feb-11,2-Nov-12
138,138,138,Habersham Bank,Clarkesville,GA,151,SCBT National Association,18-Feb-11,2-Nov-12
139,139,139,Canyon National Bank,Palm Springs,CA,34692,Pacific Premier Bank,11-Feb-11,12-Sep-12
140,140,140,Badger State Bank,Cassville,WI,13272,Royal Bank,11-Feb-11,12-Sep-12
141,141,141,Peoples State Bank,Hamtramck,MI,14939,First Michigan Bank,11-Feb-11,22-Jan-13
142,142,142,Sunshine State Community Bank,Port Orange,FL,35478,"Premier American Bank, N.A.",11-Feb-11,2-Nov-12
143,143,143,Community First Bank Chicago,Chicago,IL,57948,Northbrook Bank & Trust Company,4-Feb-11,20-Aug-12
144,144,144,North Georgia Bank,Watkinsville,GA,35242,BankSouth,4-Feb-11,2-Nov-12
145,145,145,American Trust Bank,Roswell,GA,57432,Renasant Bank,4-Feb-11,31-Oct-12
146,146,146,First Community Bank,Taos,NM,12261,"U.S. Bank, N.A.",28-Jan-11,12-Sep-12
147,147,147,FirsTier Bank,Louisville,CO,57646,No Acquirer,28-Jan-11,12-Sep-12
148,148,148,Evergreen State Bank,Stoughton,WI,5328,McFarland State Bank,28-Jan-11,12-Sep-12
149,149,149,The First State Bank,Camargo,OK,2303,Bank 7,28-Jan-11,12-Sep-12
150,150,150,United Western Bank,Denver,CO,31293,First-Citizens Bank & Trust Company,21-Jan-11,12-Sep-12
151,151,151,The Bank of Asheville,Asheville,NC,34516,First Bank,21-Jan-11,2-Nov-12
152,152,152,CommunitySouth Bank & Trust,Easley,SC,57868,"CertusBank, National Association",21-Jan-11,2-Nov-12
153,153,153,Enterprise Banking Company,McDonough,GA,19758,No Acquirer,21-Jan-11,2-Nov-12
154,154,154,Oglethorpe Bank,Brunswick,GA,57440,Bank of the Ozarks,14-Jan-11,2-Nov-12
155,155,155,Legacy Bank,Scottsdale,AZ,57820,Enterprise Bank & Trust,7-Jan-11,12-Sep-12
156,156,156,First Commercial Bank of Florida,Orlando,FL,34965,First Southern Bank,7-Jan-11,2-Nov-12
157,157,157,Community National Bank,Lino Lakes,MN,23306,Farmers & Merchants Savings Bank,17-Dec-10,20-Aug-12
158,158,158,First Southern Bank,Batesville,AR,58052,Southern Bank,17-Dec-10,20-Aug-12
159,159,159,"United Americas Bank, N.A.",Atlanta,GA,35065,State Bank and Trust Company,17-Dec-10,2-Nov-12
160,160,160,"Appalachian Community Bank, FSB",McCaysville,GA,58495,Peoples Bank of East Tennessee,17-Dec-10,31-Oct-12
161,161,161,Chestatee State Bank,Dawsonville,GA,34578,Bank of the Ozarks,17-Dec-10,2-Nov-12
162,162,162,"The Bank of Miami,N.A.",Coral Gables,FL,19040,1st United Bank,17-Dec-10,2-Nov-12
163,163,163,Earthstar Bank,Southampton,PA,35561,Polonia Bank,10-Dec-10,20-Aug-12
164,164,164,Paramount Bank,Farmington Hills,MI,34673,Level One Bank,10-Dec-10,20-Aug-12
165,165,165,First Banking Center,Burlington,WI,5287,First Michigan Bank,19-Nov-10,20-Aug-12
166,166,166,Allegiance Bank of North America,Bala Cynwyd,PA,35078,VIST Bank,19-Nov-10,20-Aug-12
167,167,167,Gulf State Community Bank,Carrabelle,FL,20340,Centennial Bank,19-Nov-10,2-Nov-12
168,168,168,Copper Star Bank,Scottsdale,AZ,35463,"Stearns Bank, N.A.",12-Nov-10,20-Aug-12
169,169,169,Darby Bank & Trust Co.,Vidalia,GA,14580,Ameris Bank,12-Nov-10,15-Jan-13
170,170,170,Tifton Banking Company,Tifton,GA,57831,Ameris Bank,12-Nov-10,2-Nov-12
171,171,171,First Vietnamese American Bank,Westminster,CA,57885,Grandpoint Bank,5-Nov-10,12-Sep-12
172,172,172,Pierce Commercial Bank,Tacoma,WA,34411,Heritage Bank,5-Nov-10,20-Aug-12
173,173,173,Western Commercial Bank,Woodland Hills,CA,58087,First California Bank,5-Nov-10,12-Sep-12
174,174,174,K Bank,Randallstown,MD,31263,Manufacturers and Traders Trust Company (M&T Bank),5-Nov-10,20-Aug-12
175,175,175,"First Arizona Savings, A FSB",Scottsdale,AZ,32582,No Acquirer,22-Oct-10,20-Aug-12
176,176,176,Hillcrest Bank,Overland Park,KS,22173,"Hillcrest Bank, N.A.",22-Oct-10,20-Aug-12
177,177,177,First Suburban National Bank,Maywood,IL,16089,Seaway Bank and Trust Company,22-Oct-10,20-Aug-12
178,178,178,The First National Bank of Barnesville,Barnesville,GA,2119,United Bank,22-Oct-10,2-Nov-12
179,179,179,The Gordon Bank,Gordon,GA,33904,Morris Bank,22-Oct-10,2-Nov-12
180,180,180,Progress Bank of Florida,Tampa,FL,32251,Bay Cities Bank,22-Oct-10,2-Nov-12
181,181,181,First Bank of Jacksonville,Jacksonville,FL,27573,Ameris Bank,22-Oct-10,2-Nov-12
182,182,182,Premier Bank,Jefferson City,MO,34016,Providence Bank,15-Oct-10,20-Aug-12
183,183,183,WestBridge Bank and Trust Company,Chesterfield,MO,58205,Midland States Bank,15-Oct-10,20-Aug-12
184,184,184,"Security Savings Bank, F.S.B.",Olathe,KS,30898,Simmons First National Bank,15-Oct-10,20-Aug-12
185,185,185,Shoreline Bank,Shoreline,WA,35250,GBC International Bank,1-Oct-10,20-Aug-12
186,186,186,Wakulla Bank,Crawfordville,FL,21777,Centennial Bank,1-Oct-10,2-Nov-12
187,187,187,North County Bank,Arlington,WA,35053,Whidbey Island Bank,24-Sep-10,20-Aug-12
188,188,188,Haven Trust Bank Florida,Ponte Vedra Beach,FL,58308,First Southern Bank,24-Sep-10,5-Nov-12
189,189,189,Maritime Savings Bank,West Allis,WI,28612,"North Shore Bank, FSB",17-Sep-10,20-Aug-12
190,190,190,Bramble Savings Bank,Milford,OH,27808,Foundation Bank,17-Sep-10,20-Aug-12
191,191,191,The Peoples Bank,Winder,GA,182,Community & Southern Bank,17-Sep-10,5-Nov-12
192,192,192,First Commerce Community Bank,Douglasville,GA,57448,Community & Southern Bank,17-Sep-10,15-Jan-13
193,193,193,Bank of Ellijay,Ellijay,GA,58197,Community & Southern Bank,17-Sep-10,15-Jan-13
194,194,194,ISN Bank,Cherry Hill,NJ,57107,Customers Bank,17-Sep-10,22-Aug-12
195,195,195,Horizon Bank,Bradenton,FL,35061,Bank of the Ozarks,10-Sep-10,5-Nov-12
196,196,196,Sonoma Valley Bank,Sonoma,CA,27259,Westamerica Bank,20-Aug-10,12-Sep-12
197,197,197,Los Padres Bank,Solvang,CA,32165,Pacific Western Bank,20-Aug-10,12-Sep-12
198,198,198,Butte Community Bank,Chico,CA,33219,"Rabobank, N.A.",20-Aug-10,12-Sep-12
199,199,199,Pacific State Bank,Stockton,CA,27090,"Rabobank, N.A.",20-Aug-10,12-Sep-12
200,200,200,ShoreBank,Chicago,IL,15640,Urban Partnership Bank,20-Aug-10,16-May-13
201,201,201,Imperial Savings and Loan Association,Martinsville,VA,31623,"River Community Bank, N.A.",20-Aug-10,24-Aug-12
202,202,202,Independent National Bank,Ocala,FL,27344,"CenterState Bank of Florida, N.A.",20-Aug-10,5-Nov-12
203,203,203,Community National Bank at Bartow,Bartow,FL,25266,"CenterState Bank of Florida, N.A.",20-Aug-10,5-Nov-12
204,204,204,Palos Bank and Trust Company,Palos Heights,IL,17599,First Midwest Bank,13-Aug-10,22-Aug-12
205,205,205,Ravenswood Bank,Chicago,IL,34231,Northbrook Bank & Trust Company,6-Aug-10,22-Aug-12
206,206,206,LibertyBank,Eugene,OR,31964,Home Federal Bank,30-Jul-10,22-Aug-12
207,207,207,The Cowlitz Bank,Longview,WA,22643,Heritage Bank,30-Jul-10,22-Aug-12
208,208,208,Coastal Community Bank,Panama City Beach,FL,9619,Centennial Bank,30-Jul-10,5-Nov-12
209,209,209,Bayside Savings Bank,Port Saint Joe,FL,57669,Centennial Bank,30-Jul-10,5-Nov-12
210,210,210,Northwest Bank & Trust,Acworth,GA,57658,State Bank and Trust Company,30-Jul-10,5-Nov-12
211,211,211,Home Valley Bank,Cave Junction,OR,23181,South Valley Bank & Trust,23-Jul-10,12-Sep-12
212,212,212,SouthwestUSA Bank,Las Vegas,NV,35434,Plaza Bank,23-Jul-10,22-Aug-12
213,213,213,Community Security Bank,New Prague,MN,34486,Roundbank,23-Jul-10,12-Sep-12
214,214,214,Thunder Bank,Sylvan Grove,KS,10506,The Bennington State Bank,23-Jul-10,13-Sep-12
215,215,215,Williamsburg First National Bank,Kingstree,SC,17837,"First Citizens Bank and Trust Company, Inc.",23-Jul-10,5-Nov-12
216,216,216,Crescent Bank and Trust Company,Jasper,GA,27559,Renasant Bank,23-Jul-10,5-Nov-12
217,217,217,Sterling Bank,Lantana,FL,32536,IBERIABANK,23-Jul-10,5-Nov-12
218,218,218,"Mainstreet Savings Bank, FSB",Hastings,MI,28136,Commercial Bank,16-Jul-10,13-Sep-12
219,219,219,Olde Cypress Community Bank,Clewiston,FL,28864,"CenterState Bank of Florida, N.A.",16-Jul-10,5-Nov-12
220,220,220,Turnberry Bank,Aventura,FL,32280,NAFH National Bank,16-Jul-10,5-Nov-12
221,221,221,Metro Bank of Dade County,Miami,FL,25172,NAFH National Bank,16-Jul-10,5-Nov-12
222,222,222,First National Bank of the South,Spartanburg,SC,35383,NAFH National Bank,16-Jul-10,5-Nov-12
223,223,223,Woodlands Bank,Bluffton,SC,32571,Bank of the Ozarks,16-Jul-10,5-Nov-12
224,224,224,Home National Bank,Blackwell,OK,11636,RCB Bank,9-Jul-10,10-Dec-12
225,225,225,USA Bank,Port Chester,NY,58072,New Century Bank,9-Jul-10,14-Sep-12
226,226,226,Ideal Federal Savings Bank,Baltimore,MD,32456,No Acquirer,9-Jul-10,14-Sep-12
227,227,227,Bay National Bank,Baltimore,MD,35462,"Bay Bank, FSB",9-Jul-10,15-Jan-13
228,228,228,High Desert State Bank,Albuquerque,NM,35279,First American Bank,25-Jun-10,14-Sep-12
229,229,229,First National Bank,Savannah,GA,34152,"The Savannah Bank, N.A.",25-Jun-10,5-Nov-12
230,230,230,Peninsula Bank,Englewood,FL,26563,"Premier American Bank, N.A.",25-Jun-10,5-Nov-12
231,231,231,Nevada Security Bank,Reno,NV,57110,Umpqua Bank,18-Jun-10,23-Aug-12
232,232,232,Washington First International Bank,Seattle,WA,32955,East West Bank,11-Jun-10,14-Sep-12
233,233,233,TierOne Bank,Lincoln,NE,29341,Great Western Bank,4-Jun-10,14-Sep-12
234,234,234,Arcola Homestead Savings Bank,Arcola,IL,31813,No Acquirer,4-Jun-10,14-Sep-12
235,235,235,First National Bank,Rosedale,MS,15814,The Jefferson Bank,4-Jun-10,5-Nov-12
236,236,236,Sun West Bank,Las Vegas,NV,34785,City National Bank,28-May-10,14-Sep-12
237,237,237,"Granite Community Bank, NA",Granite Bay,CA,57315,Tri Counties Bank,28-May-10,14-Sep-12
238,238,238,Bank of Florida - Tampa,Tampa,FL,57814,EverBank,28-May-10,5-Nov-12
239,239,239,Bank of Florida - Southwest,Naples,FL,35106,EverBank,28-May-10,5-Nov-12
240,240,240,Bank of Florida - Southeast,Fort Lauderdale,FL,57360,EverBank,28-May-10,5-Nov-12
241,241,241,Pinehurst Bank,Saint Paul,MN,57735,Coulee Bank,21-May-10,26-Oct-12
242,242,242,Midwest Bank and Trust Company,Elmwood Park,IL,18117,"FirstMerit Bank, N.A.",14-May-10,23-Aug-12
243,243,243,Southwest Community Bank,Springfield,MO,34255,Simmons First National Bank,14-May-10,23-Aug-12
244,244,244,New Liberty Bank,Plymouth,MI,35586,Bank of Ann Arbor,14-May-10,23-Aug-12
245,245,245,Satilla Community Bank,Saint Marys,GA,35114,Ameris Bank,14-May-10,5-Nov-12
246,246,246,1st Pacific Bank of California,San Diego,CA,35517,City National Bank,7-May-10,13-Dec-12
247,247,247,Towne Bank of Arizona,Mesa,AZ,57697,Commerce Bank of Arizona,7-May-10,23-Aug-12
248,248,248,Access Bank,Champlin,MN,16476,PrinsBank,7-May-10,23-Aug-12
249,249,249,The Bank of Bonifay,Bonifay,FL,14246,First Federal Bank of Florida,7-May-10,5-Nov-12
250,250,250,Frontier Bank,Everett,WA,22710,"Union Bank, N.A.",30-Apr-10,15-Jan-13
251,251,251,BC National Banks,Butler,MO,17792,Community First Bank,30-Apr-10,23-Aug-12
252,252,252,Champion Bank,Creve Coeur,MO,58362,BankLiberty,30-Apr-10,23-Aug-12
253,253,253,CF Bancorp,Port Huron,MI,30005,First Michigan Bank,30-Apr-10,15-Jan-13
254,254,254,Westernbank Puerto Rico,Mayaguez,PR,31027,Banco Popular de Puerto Rico,30-Apr-10,5-Nov-12
255,255,255,R-G Premier Bank of Puerto Rico,Hato Rey,PR,32185,Scotiabank de Puerto Rico,30-Apr-10,5-Nov-12
256,256,256,Eurobank,San Juan,PR,27150,Oriental Bank and Trust,30-Apr-10,5-Nov-12
257,257,257,Wheatland Bank,Naperville,IL,58429,Wheaton Bank & Trust,23-Apr-10,23-Aug-12
258,258,258,Peotone Bank and Trust Company,Peotone,IL,10888,First Midwest Bank,23-Apr-10,23-Aug-12
259,259,259,Lincoln Park Savings Bank,Chicago,IL,30600,Northbrook Bank & Trust Company,23-Apr-10,23-Aug-12
260,260,260,New Century Bank,Chicago,IL,34821,"MB Financial Bank, N.A.",23-Apr-10,23-Aug-12
261,261,261,Citizens Bank and Trust Company of Chicago,Chicago,IL,34658,Republic Bank of Chicago,23-Apr-10,23-Aug-12
262,262,262,Broadway Bank,Chicago,IL,22853,"MB Financial Bank, N.A.",23-Apr-10,23-Aug-12
263,263,263,"Amcore Bank, National Association",Rockford,IL,3735,Harris N.A.,23-Apr-10,23-Aug-12
264,264,264,City Bank,Lynnwood,WA,21521,Whidbey Island Bank,16-Apr-10,14-Sep-12
265,265,265,Tamalpais Bank,San Rafael,CA,33493,"Union Bank, N.A.",16-Apr-10,23-Aug-12
266,266,266,Innovative Bank,Oakland,CA,23876,Center Bank,16-Apr-10,23-Aug-12
267,267,267,Butler Bank,Lowell,MA,26619,People's United Bank,16-Apr-10,23-Aug-12
268,268,268,Riverside National Bank of Florida,Fort Pierce,FL,24067,"TD Bank, N.A.",16-Apr-10,5-Nov-12
269,269,269,AmericanFirst Bank,Clermont,FL,57724,"TD Bank, N.A.",16-Apr-10,31-Oct-12
270,270,270,First Federal Bank of North Florida,Palatka,FL,28886,"TD Bank, N.A.",16-Apr-10,15-Jan-13
271,271,271,Lakeside Community Bank,Sterling Heights,MI,34878,No Acquirer,16-Apr-10,23-Aug-12
272,272,272,Beach First National Bank,Myrtle Beach,SC,34242,Bank of North Carolina,9-Apr-10,5-Nov-12
273,273,273,Desert Hills Bank,Phoenix,AZ,57060,New York Community Bank,26-Mar-10,23-Aug-12
274,274,274,Unity National Bank,Cartersville,GA,34678,Bank of the Ozarks,26-Mar-10,14-Sep-12
275,275,275,Key West Bank,Key West,FL,34684,Centennial Bank,26-Mar-10,23-Aug-12
276,276,276,McIntosh Commercial Bank,Carrollton,GA,57399,CharterBank,26-Mar-10,23-Aug-12
277,277,277,State Bank of Aurora,Aurora,MN,8221,Northern State Bank,19-Mar-10,23-Aug-12
278,278,278,First Lowndes Bank,Fort Deposit,AL,24957,First Citizens Bank,19-Mar-10,23-Aug-12
279,279,279,Bank of Hiawassee,Hiawassee,GA,10054,Citizens South Bank,19-Mar-10,23-Aug-12
280,280,280,Appalachian Community Bank,Ellijay,GA,33989,Community & Southern Bank,19-Mar-10,31-Oct-12
281,281,281,Advanta Bank Corp.,Draper,UT,33535,No Acquirer,19-Mar-10,14-Sep-12
282,282,282,Century Security Bank,Duluth,GA,58104,Bank of Upson,19-Mar-10,23-Aug-12
283,283,283,American National Bank,Parma,OH,18806,The National Bank and Trust Company,19-Mar-10,23-Aug-12
284,284,284,Statewide Bank,Covington,LA,29561,Home Bank,12-Mar-10,23-Aug-12
285,285,285,Old Southern Bank,Orlando,FL,58182,Centennial Bank,12-Mar-10,23-Aug-12
286,286,286,The Park Avenue Bank,New York,NY,27096,Valley National Bank,12-Mar-10,23-Aug-12
287,287,287,LibertyPointe Bank,New York,NY,58071,Valley National Bank,11-Mar-10,23-Aug-12
288,288,288,Centennial Bank,Ogden,UT,34430,No Acquirer,5-Mar-10,14-Sep-12
289,289,289,Waterfield Bank,Germantown,MD,34976,No Acquirer,5-Mar-10,23-Aug-12
290,290,290,Bank of Illinois,Normal,IL,9268,Heartland Bank and Trust Company,5-Mar-10,23-Aug-12
291,291,291,Sun American Bank,Boca Raton,FL,27126,First-Citizens Bank & Trust Company,5-Mar-10,23-Aug-12
292,292,292,Rainier Pacific Bank,Tacoma,WA,38129,Umpqua Bank,26-Feb-10,23-Aug-12
293,293,293,Carson River Community Bank,Carson City,NV,58352,Heritage Bank of Nevada,26-Feb-10,15-Jan-13
294,294,294,"La Jolla Bank, FSB",La Jolla,CA,32423,"OneWest Bank, FSB",19-Feb-10,24-Aug-12
295,295,295,George Washington Savings Bank,Orland Park,IL,29952,"FirstMerit Bank, N.A.",19-Feb-10,24-Aug-12
296,296,296,The La Coste National Bank,La Coste,TX,3287,Community National Bank,19-Feb-10,14-Sep-12
297,297,297,Marco Community Bank,Marco Island,FL,57586,Mutual of Omaha Bank,19-Feb-10,24-Aug-12
298,298,298,1st American State Bank of Minnesota,Hancock,MN,15448,"Community Development Bank, FSB",5-Feb-10,24-Aug-12
299,299,299,American Marine Bank,Bainbridge Island,WA,16730,Columbia State Bank,29-Jan-10,24-Aug-12
300,300,300,First Regional Bank,Los Angeles,CA,23011,First-Citizens Bank & Trust Company,29-Jan-10,24-Aug-12
301,301,301,Community Bank and Trust,Cornelia,GA,5702,SCBT National Association,29-Jan-10,15-Jan-13
302,302,302,"Marshall Bank, N.A.",Hallock,MN,16133,United Valley Bank,29-Jan-10,23-Aug-12
303,303,303,Florida Community Bank,Immokalee,FL,5672,"Premier American Bank, N.A.",29-Jan-10,15-Jan-13
304,304,304,First National Bank of Georgia,Carrollton,GA,16480,Community & Southern Bank,29-Jan-10,13-Dec-12
305,305,305,Columbia River Bank,The Dalles,OR,22469,Columbia State Bank,22-Jan-10,14-Sep-12
306,306,306,Evergreen Bank,Seattle,WA,20501,Umpqua Bank,22-Jan-10,15-Jan-13
307,307,307,Charter Bank,Santa Fe,NM,32498,Charter Bank,22-Jan-10,23-Aug-12
308,308,308,Bank of Leeton,Leeton,MO,8265,"Sunflower Bank, N.A.",22-Jan-10,15-Jan-13
309,309,309,Premier American Bank,Miami,FL,57147,"Premier American Bank, N.A.",22-Jan-10,13-Dec-12
310,310,310,Barnes Banking Company,Kaysville,UT,1252,No Acquirer,15-Jan-10,23-Aug-12
311,311,311,St. Stephen State Bank,St. Stephen,MN,17522,First State Bank of St. Joseph,15-Jan-10,23-Aug-12
312,312,312,Town Community Bank & Trust,Antioch,IL,34705,First American Bank,15-Jan-10,23-Aug-12
313,313,313,Horizon Bank,Bellingham,WA,22977,Washington Federal Savings and Loan Association,8-Jan-10,23-Aug-12
314,314,314,"First Federal Bank of California, F.S.B.",Santa Monica,CA,28536,"OneWest Bank, FSB",18-Dec-09,23-Aug-12
315,315,315,Imperial Capital Bank,La Jolla,CA,26348,City National Bank,18-Dec-09,5-Sep-12
316,316,316,Independent Bankers' Bank,Springfield,IL,26820,The Independent BankersBank (TIB),18-Dec-09,23-Aug-12
317,317,317,New South Federal Savings Bank,Irondale,AL,32276,Beal Bank,18-Dec-09,23-Aug-12
318,318,318,Citizens State Bank,New Baltimore,MI,1006,No Acquirer,18-Dec-09,5-Nov-12
319,319,319,Peoples First Community Bank,Panama City,FL,32167,Hancock Bank,18-Dec-09,5-Nov-12
320,320,320,RockBridge Commercial Bank,Atlanta,GA,58315,No Acquirer,18-Dec-09,5-Nov-12
321,321,321,SolutionsBank,Overland Park,KS,4731,Arvest Bank,11-Dec-09,23-Aug-12
322,322,322,"Valley Capital Bank, N.A.",Mesa,AZ,58399,Enterprise Bank & Trust,11-Dec-09,23-Aug-12
323,323,323,"Republic Federal Bank, N.A.",Miami,FL,22846,1st United Bank,11-Dec-09,5-Nov-12
324,324,324,Greater Atlantic Bank,Reston,VA,32583,Sonabank,4-Dec-09,5-Nov-12
325,325,325,Benchmark Bank,Aurora,IL,10440,"MB Financial Bank, N.A.",4-Dec-09,23-Aug-12
326,326,326,AmTrust Bank,Cleveland,OH,29776,New York Community Bank,4-Dec-09,5-Nov-12
327,327,327,The Tattnall Bank,Reidsville,GA,12080,Heritage Bank of the South,4-Dec-09,5-Nov-12
328,328,328,First Security National Bank,Norcross,GA,26290,State Bank and Trust Company,4-Dec-09,5-Nov-12
329,329,329,The Buckhead Community Bank,Atlanta,GA,34663,State Bank and Trust Company,4-Dec-09,5-Nov-12
330,330,330,Commerce Bank of Southwest Florida,Fort Myers,FL,58016,Central Bank,20-Nov-09,5-Nov-12
331,331,331,Pacific Coast National Bank,San Clemente,CA,57914,Sunwest Bank,13-Nov-09,22-Aug-12
332,332,332,Orion Bank,Naples,FL,22427,IBERIABANK,13-Nov-09,5-Nov-12
333,333,333,Alliance Bank of LA,Sarasota,FL,32267,IBERIABANK,13-Nov-09,22-Aug-12
334,334,334,United Commercial Bank,San Francisco,CA,32469,East West Bank,6-Nov-09,5-Nov-12
335,335,335,Gateway Bank of St. Louis,St. Louis,MO,19450,Central Bank of Kansas City,6-Nov-09,22-Aug-12
336,336,336,Prosperan Bank,Oakdale,MN,35074,"Alerus Financial, N.A.",6-Nov-09,22-Aug-12
337,337,337,Home Federal Savings Bank,Detroit,MI,30329,Liberty Bank and Trust Company,6-Nov-09,22-Aug-12
338,338,338,United Security Bank,Sparta,GA,22286,Ameris Bank,6-Nov-09,15-Jan-13
339,339,339,North Houston Bank,Houston,TX,18776,U.S. Bank N.A.,30-Oct-09,22-Aug-12
340,340,340,Madisonville State Bank,Madisonville,TX,33782,U.S. Bank N.A.,30-Oct-09,22-Aug-12
341,341,341,Citizens National Bank,Teague,TX,25222,U.S. Bank N.A.,30-Oct-09,22-Aug-12
342,342,342,Park National Bank,Chicago,IL,11677,U.S. Bank N.A.,30-Oct-09,22-Aug-12
343,343,343,Pacific National Bank,San Francisco,CA,30006,U.S. Bank N.A.,30-Oct-09,22-Aug-12
344,344,344,California National Bank,Los Angeles,CA,34659,U.S. Bank N.A.,30-Oct-09,5-Sep-12
345,345,345,San Diego National Bank,San Diego,CA,23594,U.S. Bank N.A.,30-Oct-09,22-Aug-12
346,346,346,Community Bank of Lemont,Lemont,IL,35291,U.S. Bank N.A.,30-Oct-09,15-Jan-13
347,347,347,"Bank USA, N.A.",Phoenix,AZ,32218,U.S. Bank N.A.,30-Oct-09,22-Aug-12
348,348,348,First DuPage Bank,Westmont,IL,35038,First Midwest Bank,23-Oct-09,22-Aug-12
349,349,349,Riverview Community Bank,Otsego,MN,57525,Central Bank,23-Oct-09,22-Aug-12
350,350,350,Bank of Elmwood,Racine,WI,18321,Tri City National Bank,23-Oct-09,22-Aug-12
351,351,351,Flagship National Bank,Bradenton,FL,35044,First Federal Bank of Florida,23-Oct-09,22-Aug-12
352,352,352,Hillcrest Bank Florida,Naples,FL,58336,Stonegate Bank,23-Oct-09,22-Aug-12
353,353,353,American United Bank,Lawrenceville,GA,57794,Ameris Bank,23-Oct-09,5-Sep-12
354,354,354,Partners Bank,Naples,FL,57959,Stonegate Bank,23-Oct-09,15-Jan-13
355,355,355,San Joaquin Bank,Bakersfield,CA,23266,Citizens Business Bank,16-Oct-09,22-Aug-12
356,356,356,Southern Colorado National Bank,Pueblo,CO,57263,Legacy Bank,2-Oct-09,5-Sep-12
357,357,357,Jennings State Bank,Spring Grove,MN,11416,Central Bank,2-Oct-09,21-Aug-12
358,358,358,Warren Bank,Warren,MI,34824,The Huntington National Bank,2-Oct-09,21-Aug-12
359,359,359,Georgian Bank,Atlanta,GA,57151,"First Citizens Bank and Trust Company, Inc.",25-Sep-09,21-Aug-12
360,360,360,"Irwin Union Bank, F.S.B.",Louisville,KY,57068,"First Financial Bank, N.A.",18-Sep-09,5-Sep-12
361,361,361,Irwin Union Bank and Trust Company,Columbus,IN,10100,"First Financial Bank, N.A.",18-Sep-09,21-Aug-12
362,362,362,Venture Bank,Lacey,WA,22868,First-Citizens Bank & Trust Company,11-Sep-09,21-Aug-12
363,363,363,Brickwell Community Bank,Woodbury,MN,57736,CorTrust Bank N.A.,11-Sep-09,15-Jan-13
364,364,364,"Corus Bank, N.A.",Chicago,IL,13693,"MB Financial Bank, N.A.",11-Sep-09,21-Aug-12
365,365,365,First State Bank,Flagstaff,AZ,34875,Sunwest Bank,4-Sep-09,15-Jan-13
366,366,366,Platinum Community Bank,Rolling Meadows,IL,35030,No Acquirer,4-Sep-09,21-Aug-12
367,367,367,Vantus Bank,Sioux City,IN,27732,Great Southern Bank,4-Sep-09,21-Aug-12
368,368,368,InBank,Oak Forest,IL,20203,"MB Financial Bank, N.A.",4-Sep-09,21-Aug-12
369,369,369,First Bank of Kansas City,Kansas City,MO,25231,Great American Bank,4-Sep-09,21-Aug-12
370,370,370,Affinity Bank,Ventura,CA,27197,Pacific Western Bank,28-Aug-09,21-Aug-12
371,371,371,Mainstreet Bank,Forest Lake,MN,1909,Central Bank,28-Aug-09,21-Aug-12
372,372,372,Bradford Bank,Baltimore,MD,28312,Manufacturers and Traders Trust Company (M&T Bank),28-Aug-09,15-Jan-13
373,373,373,Guaranty Bank,Austin,TX,32618,BBVA Compass,21-Aug-09,21-Aug-12
374,374,374,CapitalSouth Bank,Birmingham,AL,22130,IBERIABANK,21-Aug-09,15-Jan-13
375,375,375,First Coweta Bank,Newnan,GA,57702,United Bank,21-Aug-09,15-Jan-13
376,376,376,ebank,Atlanta,GA,34682,"Stearns Bank, N.A.",21-Aug-09,21-Aug-12
377,377,377,Community Bank of Nevada,Las Vegas,NV,34043,No Acquirer,14-Aug-09,21-Aug-12
378,378,378,Community Bank of Arizona,Phoenix,AZ,57645,MidFirst Bank,14-Aug-09,21-Aug-12
379,379,379,"Union Bank, National Association",Gilbert,AZ,34485,MidFirst Bank,14-Aug-09,21-Aug-12
380,380,380,Colonial Bank,Montgomery,AL,9609,"Branch Banking & Trust Company, (BB&T)",14-Aug-09,5-Sep-12
381,381,381,Dwelling House Savings and Loan Association,Pittsburgh,PA,31559,"PNC Bank, N.A.",14-Aug-09,15-Jan-13
382,382,382,Community First Bank,Prineville,OR,23268,Home Federal Bank,7-Aug-09,15-Jan-13
383,383,383,Community National Bank of Sarasota County,Venice,FL,27183,"Stearns Bank, N.A.",7-Aug-09,20-Aug-12
384,384,384,First State Bank,Sarasota,FL,27364,"Stearns Bank, N.A.",7-Aug-09,20-Aug-12
385,385,385,Mutual Bank,Harvey,IL,18659,United Central Bank,31-Jul-09,20-Aug-12
386,386,386,First BankAmericano,Elizabeth,NJ,34270,Crown Bank,31-Jul-09,20-Aug-12
387,387,387,Peoples Community Bank,West Chester,OH,32288,"First Financial Bank, N.A.",31-Jul-09,20-Aug-12
388,388,388,Integrity Bank,Jupiter,FL,57604,Stonegate Bank,31-Jul-09,20-Aug-12
389,389,389,First State Bank of Altus,Altus,OK,9873,Herring Bank,31-Jul-09,20-Aug-12
390,390,390,Security Bank of Jones County,Gray,GA,8486,State Bank and Trust Company,24-Jul-09,20-Aug-12
391,391,391,Security Bank of Houston County,Perry,GA,27048,State Bank and Trust Company,24-Jul-09,20-Aug-12
392,392,392,Security Bank of Bibb County,Macon,GA,27367,State Bank and Trust Company,24-Jul-09,20-Aug-12
393,393,393,Security Bank of North Metro,Woodstock,GA,57105,State Bank and Trust Company,24-Jul-09,20-Aug-12
394,394,394,Security Bank of North Fulton,Alpharetta,GA,57430,State Bank and Trust Company,24-Jul-09,20-Aug-12
395,395,395,Security Bank of Gwinnett County,Suwanee,GA,57346,State Bank and Trust Company,24-Jul-09,20-Aug-12
396,396,396,Waterford Village Bank,Williamsville,NY,58065,"Evans Bank, N.A.",24-Jul-09,20-Aug-12
397,397,397,Temecula Valley Bank,Temecula,CA,34341,First-Citizens Bank & Trust Company,17-Jul-09,20-Aug-12
398,398,398,Vineyard Bank,Rancho Cucamonga,CA,23556,California Bank & Trust,17-Jul-09,20-Aug-12
399,399,399,BankFirst,Sioux Falls,SD,34103,"Alerus Financial, N.A.",17-Jul-09,20-Aug-12
400,400,400,First Piedmont Bank,Winder,GA,34594,First American Bank and Trust Company,17-Jul-09,15-Jan-13
401,401,401,Bank of Wyoming,Thermopolis,WY,22754,Central Bank & Trust,10-Jul-09,20-Aug-12
402,402,402,Founders Bank,Worth,IL,18390,The PrivateBank and Trust Company,2-Jul-09,20-Aug-12
403,403,403,Millennium State Bank of Texas,Dallas,TX,57667,State Bank of Texas,2-Jul-09,26-Oct-12
404,404,404,First National Bank of Danville,Danville,IL,3644,"First Financial Bank, N.A.",2-Jul-09,20-Aug-12
405,405,405,Elizabeth State Bank,Elizabeth,IL,9262,Galena State Bank and Trust Company,2-Jul-09,20-Aug-12
406,406,406,Rock River Bank,Oregon,IL,15302,The Harvard State Bank,2-Jul-09,20-Aug-12
407,407,407,First State Bank of Winchester,Winchester,IL,11710,The First National Bank of Beardstown,2-Jul-09,20-Aug-12
408,408,408,John Warner Bank,Clinton,IL,12093,State Bank of Lincoln,2-Jul-09,20-Aug-12
409,409,409,Mirae Bank,Los Angeles,CA,57332,Wilshire State Bank,26-Jun-09,20-Aug-12
410,410,410,MetroPacific Bank,Irvine,CA,57893,Sunwest Bank,26-Jun-09,20-Aug-12
411,411,411,Horizon Bank,Pine City,MN,9744,"Stearns Bank, N.A.",26-Jun-09,20-Aug-12
412,412,412,Neighborhood Community Bank,Newnan,GA,35285,CharterBank,26-Jun-09,20-Aug-12
413,413,413,Community Bank of West Georgia,Villa Rica,GA,57436,No Acquirer,26-Jun-09,17-Aug-12
414,414,414,First National Bank of Anthony,Anthony,KS,4614,Bank of Kansas,19-Jun-09,17-Aug-12
415,415,415,Cooperative Bank,Wilmington,NC,27837,First Bank,19-Jun-09,17-Aug-12
416,416,416,Southern Community Bank,Fayetteville,GA,35251,United Community Bank,19-Jun-09,17-Aug-12
417,417,417,Bank of Lincolnwood,Lincolnwood,IL,17309,Republic Bank of Chicago,5-Jun-09,17-Aug-12
418,418,418,Citizens National Bank,Macomb,IL,5757,Morton Community Bank,22-May-09,4-Sep-12
419,419,419,Strategic Capital Bank,Champaign,IL,35175,Midland States Bank,22-May-09,4-Sep-12
420,420,420,"BankUnited, FSB",Coral Gables,FL,32247,BankUnited,21-May-09,17-Aug-12
421,421,421,Westsound Bank,Bremerton,WA,34843,Kitsap Bank,8-May-09,4-Sep-12
422,422,422,America West Bank,Layton,UT,35461,Cache Valley Bank,1-May-09,17-Aug-12
423,423,423,Citizens Community Bank,Ridgewood,NJ,57563,North Jersey Community Bank,1-May-09,4-Sep-12
424,424,424,"Silverton Bank, NA",Atlanta,GA,26535,No Acquirer,1-May-09,17-Aug-12
425,425,425,First Bank of Idaho,Ketchum,ID,34396,"U.S. Bank, N.A.",24-Apr-09,17-Aug-12
426,426,426,First Bank of Beverly Hills,Calabasas,CA,32069,No Acquirer,24-Apr-09,4-Sep-12
427,427,427,Michigan Heritage Bank,Farmington Hills,MI,34369,Level One Bank,24-Apr-09,17-Aug-12
428,428,428,American Southern Bank,Kennesaw,GA,57943,Bank of North Georgia,24-Apr-09,17-Aug-12
429,429,429,Great Basin Bank of Nevada,Elko,NV,33824,Nevada State Bank,17-Apr-09,4-Sep-12
430,430,430,American Sterling Bank,Sugar Creek,MO,8266,Metcalf Bank,17-Apr-09,31-Aug-12
431,431,431,New Frontier Bank,Greeley,CO,34881,No Acquirer,10-Apr-09,4-Sep-12
432,432,432,Cape Fear Bank,Wilmington,NC,34639,First Federal Savings and Loan Association,10-Apr-09,17-Aug-12
433,433,433,Omni National Bank,Atlanta,GA,22238,No Acquirer,27-Mar-09,17-Aug-12
434,434,434,"TeamBank, NA",Paola,KS,4754,Great Southern Bank,20-Mar-09,17-Aug-12
435,435,435,Colorado National Bank,Colorado Springs,CO,18896,Herring Bank,20-Mar-09,17-Aug-12
436,436,436,FirstCity Bank,Stockbridge,GA,18243,No Acquirer,20-Mar-09,17-Aug-12
437,437,437,Freedom Bank of Georgia,Commerce,GA,57558,Northeast Georgia Bank,6-Mar-09,17-Aug-12
438,438,438,Security Savings Bank,Henderson,NV,34820,Bank of Nevada,27-Feb-09,7-Sep-12
439,439,439,Heritage Community Bank,Glenwood,IL,20078,"MB Financial Bank, N.A.",27-Feb-09,17-Aug-12
440,440,440,Silver Falls Bank,Silverton,OR,35399,Citizens Bank,20-Feb-09,17-Aug-12
441,441,441,Pinnacle Bank of Oregon,Beaverton,OR,57342,Washington Trust Bank of Spokane,13-Feb-09,17-Aug-12
442,442,442,Corn Belt Bank & Trust Co.,Pittsfield,IL,16500,The Carlinville National Bank,13-Feb-09,17-Aug-12
443,443,443,Riverside Bank of the Gulf Coast,Cape Coral,FL,34563,TIB Bank,13-Feb-09,17-Aug-12
444,444,444,Sherman County Bank,Loup City,NE,5431,Heritage Bank,13-Feb-09,17-Aug-12
445,445,445,County Bank,Merced,CA,22574,Westamerica Bank,6-Feb-09,4-Sep-12
446,446,446,Alliance Bank,Culver City,CA,23124,California Bank & Trust,6-Feb-09,16-Aug-12
447,447,447,FirstBank Financial Services,McDonough,GA,57017,Regions Bank,6-Feb-09,16-Aug-12
448,448,448,Ocala National Bank,Ocala,FL,26538,"CenterState Bank of Florida, N.A.",30-Jan-09,4-Sep-12
449,449,449,Suburban FSB,Crofton,MD,30763,Bank of Essex,30-Jan-09,16-Aug-12
450,450,450,MagnetBank,Salt Lake City,UT,58001,No Acquirer,30-Jan-09,16-Aug-12
451,451,451,1st Centennial Bank,Redlands,CA,33025,First California Bank,23-Jan-09,16-Aug-12
452,452,452,Bank of Clark County,Vancouver,WA,34959,Umpqua Bank,16-Jan-09,16-Aug-12
453,453,453,National Bank of Commerce,Berkeley,IL,19733,Republic Bank of Chicago,16-Jan-09,16-Aug-12
454,454,454,Sanderson State Bank,Sanderson,TX,11568,The Pecos County State Bank,12-Dec-08,4-Sep-12
455,455,455,Haven Trust Bank,Duluth,GA,35379,"Branch Banking & Trust Company, (BB&T)",12-Dec-08,16-Aug-12
456,456,456,First Georgia Community Bank,Jackson,GA,34301,United Bank,5-Dec-08,16-Aug-12
457,457,457,PFF Bank & Trust,Pomona,CA,28344,"U.S. Bank, N.A.",21-Nov-08,4-Jan-13
458,458,458,Downey Savings & Loan,Newport Beach,CA,30968,"U.S. Bank, N.A.",21-Nov-08,4-Jan-13
459,459,459,Community Bank,Loganville,GA,16490,Bank of Essex,21-Nov-08,4-Sep-12
460,460,460,Security Pacific Bank,Los Angeles,CA,23595,Pacific Western Bank,7-Nov-08,28-Aug-12
461,461,461,"Franklin Bank, SSB",Houston,TX,26870,Prosperity Bank,7-Nov-08,16-Aug-12
462,462,462,Freedom Bank,Bradenton,FL,57930,Fifth Third Bank,31-Oct-08,16-Aug-12
463,463,463,Alpha Bank & Trust,Alpharetta,GA,58241,"Stearns Bank, N.A.",24-Oct-08,16-Aug-12
464,464,464,Meridian Bank,Eldred,IL,13789,National Bank,10-Oct-08,31-May-12
465,465,465,Main Street Bank,Northville,MI,57654,Monroe Bank & Trust,10-Oct-08,16-Aug-12
466,466,466,Washington Mutual Bank,Henderson,NV,32633,JP Morgan Chase Bank,25-Sep-08,16-Aug-12
467,467,467,Ameribank,Northfork,WV,6782,The Citizens Savings Bank,19-Sep-08,16-Aug-12
468,468,468,Silver State Bank,Henderson,NV,34194,Nevada State Bank,5-Sep-08,16-Aug-12
469,469,469,Integrity Bank,Alpharetta,GA,35469,Regions Bank,29-Aug-08,16-Aug-12
470,470,470,Columbian Bank & Trust,Topeka,KS,22728,Citizens Bank & Trust,22-Aug-08,16-Aug-12
471,471,471,First Priority Bank,Bradenton,FL,57523,SunTrust Bank,1-Aug-08,16-Aug-12
472,472,472,"First Heritage Bank, NA",Newport Beach,CA,57961,Mutual of Omaha Bank,25-Jul-08,28-Aug-12
473,473,473,First National Bank of Nevada,Reno,NV,27011,Mutual of Omaha Bank,25-Jul-08,28-Aug-12
474,474,474,IndyMac Bank,Pasadena,CA,29730,"OneWest Bank, FSB",11-Jul-08,28-Aug-12
475,475,475,"First Integrity Bank, NA",Staples,MN,12736,First International Bank and Trust,30-May-08,28-Aug-12
476,476,476,"ANB Financial, NA",Bentonville,AR,33901,Pulaski Bank and Trust Company,9-May-08,28-Aug-12
477,477,477,Hume Bank,Hume,MO,1971,Security Bank,7-Mar-08,28-Aug-12
478,478,478,Douglass National Bank,Kansas City,MO,24660,Liberty Bank and Trust Company,25-Jan-08,26-Oct-12
479,479,479,Miami Valley Bank,Lakeview,OH,16848,The Citizens Banking Company,4-Oct-07,28-Aug-12
480,480,480,NetBank,Alpharetta,GA,32575,ING DIRECT,28-Sep-07,28-Aug-12
481,481,481,Metropolitan Savings Bank,Pittsburgh,PA,35353,Allegheny Valley Bank of Pittsburgh,2-Feb-07,27-Oct-10
482,482,482,Bank of Ephraim,Ephraim,UT,1249,Far West Bank,25-Jun-04,9-Apr-08
483,483,483,Reliance Bank,White Plains,NY,26778,Union State Bank,19-Mar-04,9-Apr-08
484,484,484,Guaranty National Bank of Tallahassee,Tallahassee,FL,26838,Hancock Bank of Florida,12-Mar-04,5-Jun-12
485,485,485,Dollar Savings Bank,Newark,NJ,31330,No Acquirer,14-Feb-04,9-Apr-08
486,486,486,Pulaski Savings Bank,Philadelphia,PA,27203,Earthstar Bank,14-Nov-03,22-Jul-05
487,487,487,First National Bank of Blanchardville,Blanchardville,WI,11639,The Park Bank,9-May-03,5-Jun-12
488,488,488,Southern Pacific Bank,Torrance,CA,27094,Beal Bank,7-Feb-03,20-Oct-08
489,489,489,Farmers Bank of Cheneyville,Cheneyville,LA,16445,Sabine State Bank & Trust,17-Dec-02,20-Oct-04
490,490,490,Bank of Alamo,Alamo,TN,9961,No Acquirer,8-Nov-02,18-Mar-05
491,491,491,AmTrade International Bank,Atlanta,GA,33784,No Acquirer,30-Sep-02,11-Sep-06
492,492,492,Universal Federal Savings Bank,Chicago,IL,29355,Chicago Community Bank,27-Jun-02,9-Apr-08
493,493,493,Connecticut Bank of Commerce,Stamford,CT,19183,Hudson United Bank,26-Jun-02,14-Feb-12
494,494,494,New Century Bank,Shelby Township,MI,34979,No Acquirer,28-Mar-02,18-Mar-05
495,495,495,Net 1st National Bank,Boca Raton,FL,26652,Bank Leumi USA,1-Mar-02,9-Apr-08
496,496,496,"NextBank, NA",Phoenix,AZ,22314,No Acquirer,7-Feb-02,27-Aug-10
497,497,497,Oakwood Deposit Bank Co.,Oakwood,OH,8966,The State Bank & Trust Company,1-Feb-02,25-Oct-12
498,498,498,Bank of Sierra Blanca,Sierra Blanca,TX,22002,The Security State Bank of Pecos,18-Jan-02,6-Nov-03
499,499,499,"Hamilton Bank, NA",Miami,FL,24382,Israel Discount Bank of New York,11-Jan-02,5-Jun-12
500,500,500,Sinclair National Bank,Gravette,AR,34248,Delta Trust & Bank,7-Sep-01,10-Feb-04
501,501,501,"Superior Bank, FSB",Hinsdale,IL,32646,"Superior Federal, FSB",27-Jul-01,5-Jun-12
502,502,502,Malta National Bank,Malta,OH,6629,North Valley Bank,3-May-01,18-Nov-02
503,503,503,First Alliance Bank & Trust Co.,Manchester,NH,34264,Southern New Hampshire Bank & Trust,2-Feb-01,18-Feb-03
504,504,504,National State Bank of Metropolis,Metropolis,IL,3815,Banterra Bank of Marion,14-Dec-00,17-Mar-05
505,505,505,Bank of Honolulu,Honolulu,HI,21029,Bank of the Orient,13-Oct-00,17-Mar-05
